Sun Apr 18 2021 21:10:28 GMT+0300 (GMT+03:00)
Sun Jul 11 2021 21:10:28 GMT+0300 (GMT+03:00)
Mon Apr 19 2021 21:10:28 GMT+0300 (GMT+03:00)
Mon Jul 12 2021 21:10:28 GMT+0300 (GMT+03:00)
Tue Mar 30 2021 21:10:28 GMT+0300 (GMT+03:00)
Tue Apr 06 2021 21:10:28 GMT+0300 (GMT+03:00)
Tue Apr 20 2021 21:10:28 GMT+0300 (GMT+03:00)
Tue May 04 2021 21:10:28 GMT+0300 (GMT+03:00)
Tue Jun 01 2021 21:10:28 GMT+0300 (GMT+03:00)
Tue Jun 22 2021 21:10:28 GMT+0300 (GMT+03:00)
Tue Jun 29 2021 21:10:28 GMT+0300 (GMT+03:00)
Tue Jul 13 2021 21:10:28 GMT+0300 (GMT+03:00)
Tue Aug 03 2021 21:10:28 GMT+0300 (GMT+03:00)
Tue Aug 10 2021 21:10:28 GMT+0300 (GMT+03:00)
Tue Aug 17 2021 21:10:28 GMT+0300 (GMT+03:00)
Wed Mar 24 2021 21:10:28 GMT+0300 (GMT+03:00)
